{"cameraMode":{"drawMode":0,"name":"Shaded","section":"Shading Mode"},"sceneLighting":true,"audioPlay":false,"sceneViewState":{"m_AlwaysRefresh":false,"showFog":true,"showSkybox":true,"showFlares":true,"showImageEffects":true,"showParticleSystems":true,"showVisualEffectGraphs":true,"m_FxEnabled":true},"in2DMode":false,"pivot":{"x":-0.34495657682418826,"y":28.644447326660158,"z":-1.863130807876587},"rotation":{"x":-0.14924035966396333,"y":-0.011769224889576435,"z":0.0017758070025593043,"w":-0.9887344241142273},"size":24.677759170532228,"orthographic":false}